model,seed,fold,accuracy,macro_precision,macro_recall,macro_f1,weighted_precision,weighted_recall,weighted_f1
resnet50,42,1,0.9522727272727273,0.9482585167035383,0.9357706865870171,0.9415733798567354,0.951960364986553,0.9522727272727273,0.9517707512708073
resnet50,42,2,0.9528409090909091,0.9481918763419566,0.9436638826597673,0.9458261958147601,0.9528054159378487,0.9528409090909091,0.9527141032562059
resnet50,42,3,0.9528140989198408,0.9524565805065917,0.9326331408478146,0.9416087424086006,0.953083369242078,0.9528140989198408,0.9524895476472632
resnet50,42,4,0.9471290505969301,0.9412648768912822,0.9329959178668805,0.9368380198965476,0.9469769270340335,0.9471290505969301,0.9467579833191382
resnet50,42,5,0.961910176236498,0.9490389142259767,0.9593054156218749,0.9538264704050522,0.9624316566068687,0.961910176236498,0.9620136411291025
